{"dataSerie": [{"name": 2012, "value": 2033.2765204116904}, {"name": 2013, "value": 2355.782374920259}, {"name": 2014, "value": 2758.807833205192}]}